,name,danceability,energy,loudness,speechiness,acousticness,instrumentalness,liveness,valence,tempo,key,mood
0,Too Good At Goodbyes - Edit,0.653,0.378,-8.273,0.0533,0.658,0.0,0.177,0.54,91.835,5,calm
1,Say You Won't Let Go,0.358,0.557,-7.398,0.059,0.695,0.0,0.0902,0.494,85.043,10,calm
2,Let Her Go,0.479,0.545,-7.346,0.0688,0.365,0.0,0.0963,0.244,74.897,7,calm
3,Photograph,0.614,0.379,-10.48,0.0476,0.607,0.000464,0.0986,0.201,107.989,4,calm
4,I'm Not The Only One,0.453,0.496,-5.785,0.0453,0.554,2.65e-05,0.0772,0.501,80.994,5,calm
5,Air,0.758,0.501,-7.051,0.0589,0.252,0.0,0.191,0.397,78.042,0,calm
6,Stay With Me,0.479,0.419,-6.517,0.0389,0.568,0.000217,0.11,0.186,85.014,0,calm
7,This Place is Near You,0.715,0.834,-8.064,0.074,0.0108,0.64,0.136,0.357,114.967,8,calm
8,Summertime Sadness,0.565,0.654,-6.826,0.0335,0.0542,1.8e-06,0.122,0.235,111.968,1,calm
9,Sweater Weather,0.695,0.615,-5.325,0.042,0.15,0.000212,0.0879,0.414,124.015,7,calm
10,Tonight,0.868,0.7,-6.408,0.1,0.0933,0.00685,0.0815,0.458,121.988,7,calm
11,Tee Shirt - Soundtrack Version,0.684,0.341,-9.497,0.0272,0.837,2.69e-05,0.0883,0.557,75.948,9,calm
12,sinner's prayer,0.497,0.294,-12.694,0.0277,0.595,0.0,0.345,0.489,164.27,0,calm
13,Thinking out Loud,0.781,0.445,-6.061,0.0295,0.474,0.0,0.184,0.591,78.998,2,calm
14,Calm Down (with Selena Gomez),0.801,0.806,-5.206,0.0381,0.382,0.000669,0.114,0.802,106.999,11,calm
15,Need The Sun To Break,0.537,0.485,-8.131,0.0332,0.102,3.83e-06,0.319,0.293,152.012,2,calm
16,I Guess I Just Feel Like,0.546,0.477,-9.051,0.0273,0.559,0.0612,0.0911,0.16,160.0,4,calm
17,Glimpse of Us,0.44,0.317,-9.258,0.0531,0.891,4.78e-06,0.141,0.268,169.914,8,calm
18,It's Depression (feat. Middle Part),0.612,0.805,-3.963,0.0711,7.58e-05,0.000785,0.0837,0.7,160.116,2,calm
19,All of Me,0.422,0.264,-7.064,0.0322,0.922,0.0,0.132,0.331,119.93,8,calm
20,I'm Not Your Mother,0.626,0.577,-5.999,0.078,0.314,0.000124,0.151,0.501,80.058,6,calm
21,Moonlit,0.546,0.937,-7.146,0.0318,5.74e-05,0.903,0.124,0.299,116.591,1,calm
22,A Little Too Much,0.553,0.507,-6.24,0.0304,0.473,0.0,0.108,0.57,83.093,11,calm
23,You & I,0.574,0.329,-6.829,0.0274,0.22,0.0,0.0986,0.356,130.993,1,calm
24,Photograph,0.614,0.379,-10.48,0.0476,0.607,0.000464,0.0986,0.201,107.989,4,calm
25,Long Way Down,0.367,0.121,-13.778,0.0335,0.972,0.0322,0.0871,0.0926,132.244,6,calm
26,childhood,0.63,0.258,-12.561,0.0348,0.666,0.0,0.224,0.598,81.02,8,calm
27,A letter to my younger self,0.642,0.455,-7.558,0.0333,0.983,0.00561,0.105,0.725,91.718,1,calm
28,Make You Feel My Love,0.325,0.18,-10.647,0.0311,0.91,0.000633,0.113,0.0997,72.416,10,calm
29,I'm Not The Only One,0.679,0.487,-5.811,0.0352,0.545,3.36e-05,0.0772,0.506,81.994,5,calm
30,Colder,0.436,0.337,-11.406,0.0312,0.716,0.0,0.112,0.147,132.589,7,calm
31,Kiss Me,0.589,0.227,-16.67,0.0498,0.64,0.00469,0.0248,0.182,74.993,2,calm
32,Good News,0.794,0.32,-12.92,0.173,0.853,0.134,0.112,0.241,174.088,1,calm
33,Past Memories,0.119,0.00478,-40.239,0.0418,0.962,0.932,0.111,0.0384,81.569,10,calm
34,Can I Be Him,0.696,0.543,-6.164,0.0489,0.308,0.0,0.0939,0.479,107.969,11,calm
35,Let It Go,0.546,0.311,-10.396,0.0288,0.818,1.65e-05,0.107,0.246,147.464,1,calm
36,Thank God,0.561,0.314,-11.939,0.177,0.638,0.0,0.102,0.743,74.637,11,calm
37,Talk (feat. Disclosure),0.9,0.4,-8.575,0.127,0.0516,0.0,0.0599,0.346,135.984,0,calm
38,Happier,0.522,0.385,-7.355,0.0288,0.536,0.0,0.135,0.236,89.792,0,calm
39,Rebel (If I Lie),0.562,0.534,-9.376,0.0406,0.73,1.28e-05,0.101,0.107,139.956,7,calm
40,Tiger in My Tank,0.542,0.557,-8.256,0.0362,0.292,3.95e-06,0.108,0.37,155.874,2,calm
41,Runaway,0.446,0.71,-7.234,0.042,0.0491,0.00152,0.109,0.465,91.397,5,calm
42,Dancing On My Own,0.608,0.174,-8.796,0.0332,0.851,1.92e-05,0.0855,0.193,112.175,1,calm
43,Because I Had You,0.559,0.337,-9.751,0.404,0.331,0.0,0.311,0.705,203.231,7,calm
44,Chasing Your Dream - Acoustic,0.686,0.481,-7.176,0.0579,0.644,0.0,0.106,0.791,94.864,9,calm
45,One Of Those Nights,0.648,0.67,-6.407,0.0392,0.0112,0.0,0.127,0.638,94.956,1,calm
46,Banana Pancakes,0.816,0.375,-8.053,0.0996,0.607,8.66e-06,0.0933,0.615,114.303,7,calm
47,We Don't Have To Take Our Clothes Off,0.565,0.176,-9.254,0.0419,0.956,5.47e-06,0.108,0.301,97.931,0,calm
48,whispa,0.337,0.118,-21.241,0.0359,0.902,0.876,0.0927,0.0383,146.647,9,calm
49,golden hour,0.515,0.593,-4.801,0.0322,0.653,0.162,0.25,0.153,94.467,4,calm
50,bellyache,0.695,0.573,-8.597,0.106,0.46,0.0734,0.482,0.408,99.939,4,calm
51,Young And Beautiful,0.324,0.416,-8.92,0.0368,0.262,3.69e-05,0.11,0.151,113.986,11,calm
52,Ignorance Is Violence,0.685,0.558,-11.194,0.0366,0.0382,0.00636,0.286,0.32,120.022,7,calm
53,Hold Me Down,0.463,0.427,-9.799,0.0549,0.628,0.000565,0.0911,0.231,116.059,8,calm
54,Fix You,0.209,0.417,-8.74,0.0338,0.164,0.00196,0.113,0.124,138.178,3,calm
55,All of the Stars,0.436,0.562,-6.106,0.0278,0.0102,0.000278,0.198,0.24,150.066,11,calm
56,Mystical Path,0.534,0.728,-6.71,0.0325,0.000668,0.871,0.075,0.149,95.001,1,calm
57,The A Team,0.642,0.289,-9.918,0.0367,0.669,0.0,0.18,0.407,84.996,9,calm
58,"always, i'll care",0.784,0.278,-10.745,0.041,0.918,0.000196,0.112,0.741,105.034,6,calm
59,look at the sky tonight,0.532,0.116,-16.135,0.0383,0.905,0.886,0.115,0.0597,110.087,0,calm
60,Skinny Love,0.379,0.29,-8.485,0.051,0.952,0.00106,0.118,0.169,166.467,4,calm
61,Star Shopping,0.585,0.471,-9.934,0.0616,0.0967,0.0184,0.115,0.323,93.099,4,calm
62,Last Memory,0.661,0.552,-8.901,0.0318,0.000135,0.628,0.167,0.442,107.985,2,calm
63,Show You,0.651,0.681,-5.006,0.0497,0.0422,0.0,0.338,0.761,165.889,2,calm
64,Perfect,0.599,0.448,-6.312,0.0232,0.163,0.0,0.106,0.168,95.05,8,calm
65,FourFiveSeconds,0.582,0.272,-5.662,0.0501,0.875,0.0,0.13,0.354,205.846,2,calm
66,Supernova,0.618,0.299,-8.692,0.0368,0.907,0.0,0.16,0.353,119.811,2,calm
67,Until I Found You,0.346,0.5,-6.097,0.0388,0.757,0.0,0.189,0.191,202.466,10,calm
68,Supermarket Flowers,0.589,0.242,-10.517,0.0442,0.914,0.0,0.0887,0.257,89.749,6,calm
69,Better Together,0.868,0.347,-9.529,0.0536,0.308,2e-05,0.11,0.659,110.059,5,calm
70,Count on Me,0.589,0.389,-5.972,0.028,0.851,0.0,0.0772,0.501,89.1,0,calm
71,Someone To Stay,0.436,0.473,-7.24,0.0307,0.588,4.35e-05,0.103,0.242,108.906,1,calm
72,Lay Me Down,0.463,0.198,-11.003,0.0387,0.915,0.0,0.106,0.369,123.63,4,calm
73,We Don't Have To Take Our Clothes Off,0.572,0.231,-6.316,0.0334,0.953,3.88e-06,0.111,0.332,96.729,0,calm
74,after the rain,0.287,0.349,-14.921,0.0591,0.792,0.901,0.0893,0.0376,102.72,7,calm
75,Roses,0.611,0.489,-6.771,0.0343,0.4,0.0,0.117,0.267,78.145,0,calm
76,I Love You So,0.575,0.648,-4.891,0.0358,0.583,0.0,0.115,0.466,75.977,10,calm
77,Euphoria,0.409,0.926,-5.756,0.0334,0.000118,0.968,0.142,0.0619,91.701,0,calm
78,Beyond,0.581,0.687,-5.4,0.105,0.229,0.0,0.109,0.187,76.014,6,calm
79,As I Should,0.657,0.596,-6.319,0.159,0.374,0.0,0.222,0.567,83.589,8,calm
80,Sparks,0.371,0.268,-10.506,0.0281,0.748,0.0517,0.104,0.165,102.617,1,calm
81,apathy,0.565,0.277,-11.908,0.0433,0.899,0.861,0.123,0.0383,128.718,9,calm
82,Life Of The Party,0.666,0.615,-4.995,0.0314,0.0663,0.0,0.111,0.161,113.978,10,calm
83,Waves,0.518,0.729,-7.193,0.0452,0.183,0.0,0.0643,0.343,156.879,11,calm
84,"Hey, Soul Sister",0.675,0.885,-4.432,0.0436,0.217,0.0,0.086,0.768,97.03,1,calm
85,Jealous,0.439,0.153,-8.95,0.0479,0.874,0.0,0.107,0.104,116.76,1,calm
86,Wisteria,0.596,0.834,-7.591,0.0318,0.0766,0.792,0.111,0.25,130.042,11,calm
87,Memories,0.764,0.32,-7.209,0.0546,0.837,0.0,0.0822,0.575,91.019,11,calm
88,Yellow,0.429,0.661,-7.227,0.0281,0.00239,0.000121,0.234,0.285,173.372,11,calm
89,so cold,0.336,0.38,-12.515,0.0314,0.123,0.857,0.0786,0.0351,107.031,5,calm
90,Heather,0.357,0.425,-7.301,0.0333,0.584,0.0,0.322,0.27,102.078,5,calm
91,Big Girls Cry,0.469,0.592,-4.962,0.0399,0.0393,0.0,0.105,0.0938,161.996,5,calm
92,Ghost Boy,0.792,0.634,-6.566,0.0348,0.245,7.11e-06,0.136,0.322,99.989,4,calm
93,Missed,0.404,0.21,-9.127,0.0394,0.951,0.0,0.0948,0.294,134.578,5,calm
94,Backseat (Kiss Me),0.75,0.548,-7.704,0.0492,0.111,0.0,0.0633,0.497,101.031,2,calm
95,Cigarettes & Wine,0.535,0.725,-8.836,0.0611,0.00319,6.6e-06,0.211,0.625,159.931,5,calm
96,Never Be Alone,0.376,0.466,-6.927,0.0353,0.514,5.8e-05,0.0781,0.276,199.835,10,calm
97,Not About Angels,0.405,0.111,-11.879,0.0369,0.964,4.37e-05,0.0872,0.219,116.86,0,calm
98,Champione,0.799,0.546,-6.042,0.0997,0.188,6.42e-06,0.0995,0.148,139.93,1,calm
99,Stay With Me,0.414,0.419,-6.431,0.0388,0.55,0.000195,0.11,0.18,84.082,0,calm
100,Born This Way,0.587,0.828,-5.108,0.161,0.00327,0.0,0.331,0.494,123.907,11,energetic
101,Permission to Dance,0.702,0.741,-5.33,0.0427,0.00544,0.0,0.337,0.646,124.925,9,energetic
102,Dynamite,0.746,0.765,-4.41,0.0993,0.0112,0.0,0.0936,0.737,114.044,6,energetic
103,Butter,0.759,0.459,-5.187,0.0948,0.00323,0.0,0.0906,0.695,109.997,8,energetic
104,Sugar,0.729,0.786,-6.348,0.0337,0.0747,0.0,0.0878,0.87,120.068,1,energetic
105,Counting Stars,0.664,0.705,-4.972,0.0382,0.0654,0.0,0.118,0.477,122.016,1,energetic
106,Uptown Funk (feat. Bruno Mars),0.856,0.609,-7.223,0.0824,0.00801,8.15e-05,0.0344,0.928,114.988,0,energetic
107,Classic,0.72,0.79,-4.686,0.125,0.0383,0.0,0.156,0.755,102.068,1,energetic
108,Pompeii,0.679,0.715,-6.383,0.0407,0.0755,0.0,0.271,0.571,127.435,9,energetic
109,The Lazy Song,0.794,0.711,-5.124,0.0699,0.3,0.0,0.0955,0.955,174.915,8,energetic
110,Call Me Maybe,0.783,0.58,-6.548,0.0408,0.0114,2.28e-06,0.108,0.66,120.021,7,energetic
111,Last Friday Night (T.G.I.F.),0.652,0.812,-3.797,0.0409,0.00125,3.01e-05,0.667,0.72,126.023,3,energetic
112,Firework,0.638,0.832,-5.039,0.049,0.141,0.0,0.113,0.648,124.071,8,energetic
113,Try Everything,0.705,0.609,-4.897,0.0307,0.0257,0.0,0.0846,0.476,115.474,1,energetic
114,"CAN'T STOP THE FEELING! (from DreamWorks Animation's ""TROLLS"")",0.666,0.83,-5.715,0.0751,0.0123,0.0,0.191,0.702,113.03,0,energetic
115,Get Back Up Again,0.704,0.713,-3.411,0.0719,0.0142,0.0,0.238,0.592,99.301,7,energetic
116,Cups (Pitch Perfect’s “When I’m Gone”) - Pop Version,0.887,0.441,-8.98,0.114,0.0514,0.00667,0.0338,0.715,129.908,0,energetic
117,Bang Bang,0.706,0.786,-3.417,0.091,0.26,0.0,0.38,0.751,150.028,0,energetic
118,Dear Future Husband,0.655,0.782,-4.789,0.185,0.375,0.0,0.317,0.832,79.427,1,energetic
119,Bad Romance,0.696,0.921,-3.755,0.0363,0.00314,5.24e-05,0.0842,0.714,119.001,0,energetic
120,Poker Face,0.851,0.806,-4.62,0.0787,0.118,1.64e-06,0.121,0.787,118.999,4,energetic
121,Just Dance,0.822,0.739,-4.541,0.0311,0.0264,4.26e-05,0.181,0.745,118.992,1,energetic
122,Stupid Love,0.68,0.825,-4.296,0.0702,0.00173,0.000122,0.27,0.784,117.987,8,energetic
123,Fresh Eyes,0.828,0.56,-6.685,0.0327,0.548,3.66e-05,0.15,0.872,122.054,0,energetic
124,Good Time,0.56,0.872,-4.269,0.14,0.0239,6.98e-06,0.371,0.682,126.05,3,energetic
125,Somebody To You,0.526,0.818,-5.952,0.0358,0.0587,0.0,0.333,0.896,171.96,3,energetic
126,All Night,0.538,0.804,-5.194,0.0358,0.0041,0.0,0.33,0.507,144.992,8,energetic
127,Just My Type,0.61,0.87,-4.012,0.0693,0.00299,0.0,0.064,0.523,125.014,2,energetic
128,Can We Dance,0.64,0.82,-4.729,0.0464,0.00312,0.0,0.189,0.583,130.108,1,energetic
129,Oh Cecilia (Breaking My Heart),0.746,0.844,-5.506,0.0339,0.0315,0.0,0.318,0.662,100.027,11,energetic
130,Teeth,0.756,0.448,-2.993,0.0404,0.0508,3.87e-06,0.11,0.431,139.031,3,energetic
131,She Looks So Perfect,0.494,0.951,-4.237,0.132,0.000569,0.0,0.327,0.441,160.025,9,energetic
132,Amnesia,0.594,0.497,-5.26,0.0303,0.0343,0.0,0.162,0.101,101.668,2,energetic
133,What Makes You Beautiful,0.726,0.787,-2.494,0.0737,0.009,0.0,0.0596,0.888,124.99,4,energetic
134,Story of My Life,0.6,0.663,-5.802,0.0477,0.225,0.0,0.119,0.286,121.07,3,energetic
135,Drag Me Down,0.73,0.703,-5.672,0.0369,0.109,0.0,0.0657,0.595,138.113,0,energetic
136,Steal My Girl,0.536,0.768,-5.948,0.0347,0.00433,0.0,0.114,0.545,77.217,10,energetic
137,They Don't Know About Us,0.514,0.727,-6.131,0.0492,0.126,0.0,0.0978,0.37,147.917,0,energetic
138,Best Song Ever,0.652,0.877,-2.986,0.0465,0.0227,0.0,0.0789,0.486,118.491,1,energetic
139,Night Changes,0.672,0.52,-7.747,0.0353,0.859,0.0,0.115,0.37,120.001,8,energetic
140,18,0.681,0.582,-7.76,0.0313,0.22,0.0,0.119,0.221,124.038,6,energetic
141,You & I,0.574,0.329,-6.829,0.0274,0.22,0.0,0.0986,0.356,130.993,1,energetic
142,Best Song Ever,0.652,0.877,-2.986,0.0465,0.0227,0.0,0.0789,0.486,118.491,1,energetic
143,Midnight Memories,0.432,0.868,-2.01,0.0882,0.00725,0.0,0.233,0.567,156.128,6,energetic
144,Little White Lies,0.591,0.899,-3.768,0.0536,0.00726,0.0,0.393,0.446,139.547,0,energetic
145,Cheerleader - Felix Jaehn Remix Radio Edit,0.782,0.685,-6.237,0.0309,0.166,1.18e-05,0.16,0.603,118.016,4,energetic
146,FAKE LOVE,0.557,0.719,-4.515,0.0372,0.00267,0.0,0.306,0.344,77.501,2,energetic
147,Never Gonna Give You Up,0.721,0.939,-11.823,0.0376,0.115,3.79e-05,0.108,0.914,113.309,8,energetic
148,Black Magic,0.776,0.875,-5.535,0.0575,0.0343,0.0,0.314,0.849,111.988,4,energetic
149,Me And My Broken Heart,0.545,0.783,-4.261,0.0345,0.00489,0.0,0.132,0.551,174.084,5,energetic
150,One Thing,0.713,0.718,-3.806,0.0278,0.00233,0.0,0.0838,0.656,126.999,2,energetic
151,Troublemaker,0.762,0.863,-3.689,0.0561,0.015,0.0,0.125,0.965,106.012,0,energetic
152,Shut Up and Dance,0.578,0.866,-3.804,0.0619,0.00701,0.0,0.257,0.619,128.038,1,energetic
153,Heart Attack,0.504,0.785,-4.802,0.104,0.0738,0.0,0.239,0.502,173.968,8,energetic
154,Payphone,0.743,0.752,-4.813,0.0414,0.0188,0.0,0.287,0.545,110.015,4,energetic
155,Blank Space,0.76,0.703,-5.412,0.054,0.103,0.0,0.0913,0.57,95.997,5,energetic
156,Better When I'm Dancin',0.756,0.789,-7.002,0.0324,0.53,0.000711,0.157,0.873,127.987,2,energetic
157,22,0.661,0.729,-6.561,0.0376,0.00215,0.0013,0.0477,0.668,103.987,7,energetic
158,I Really Like You,0.62,0.805,-5.538,0.0417,0.00564,9.15e-05,0.285,0.586,122.062,5,energetic
159,Party In The U.S.A.,0.652,0.698,-4.667,0.042,0.00112,0.000115,0.0886,0.47,96.021,10,energetic
160,Lips Are Movin,0.775,0.825,-5.402,0.0464,0.0506,1.03e-06,0.111,0.95,139.091,7,energetic
161,Running,0.572,0.85,-3.112,0.0558,0.203,0.0,0.313,0.608,139.986,2,energetic
162,I'm Still Standing,0.504,0.904,-6.863,0.179,0.356,0.121,0.14,0.772,176.808,6,energetic
163,I'm Still Standing,0.589,0.903,-4.439,0.146,0.00663,0.0,0.0734,0.691,175.216,10,energetic
164,Set It All Free,0.489,0.856,-4.485,0.13,6.34e-06,0.00584,0.111,0.524,134.114,6,energetic
165,Don't You Worry 'Bout A Thing,0.617,0.832,-4.192,0.0942,0.0222,1.92e-05,0.116,0.573,127.022,1,energetic
166,Wake Me Up Before You Go-Go,0.62,0.573,-11.893,0.0423,0.271,0.0,0.0607,0.897,81.548,0,energetic
167,I Knew You Were Trouble.,0.622,0.469,-6.798,0.0363,0.00454,2.25e-06,0.0335,0.679,77.019,3,energetic
168,Starships,0.747,0.716,-2.457,0.075,0.135,0.0,0.251,0.751,125.008,11,energetic
169,STAY (with Justin Bieber),0.591,0.764,-5.484,0.0483,0.0383,0.0,0.103,0.478,169.928,1,energetic
170,Electric Love,0.611,0.797,-7.627,0.0533,0.00543,0.00137,0.26,0.518,120.041,6,energetic
171,Wildest Dreams,0.553,0.664,-7.417,0.0741,0.0709,0.0056,0.106,0.467,140.06,8,energetic
172,Best Day Of My Life,0.673,0.902,-2.392,0.0346,0.0591,0.000262,0.0558,0.538,100.012,2,energetic
173,Roar,0.554,0.772,-4.821,0.0418,0.00487,6.6e-06,0.354,0.455,179.984,7,energetic
174,Rude,0.773,0.758,-4.993,0.0381,0.0422,0.0,0.305,0.925,144.033,1,energetic
175,Olivia,0.64,0.681,-5.362,0.0334,0.0438,0.0,0.166,0.676,118.062,6,energetic
176,Still into You,0.602,0.923,-3.763,0.044,0.0098,0.0,0.0561,0.765,136.01,5,energetic
177,"When Can I See You Again? - From ""Wreck-It Ralph""/Soundtrack Version",0.638,0.831,-6.812,0.081,0.0263,0.0,0.0491,0.388,127.975,11,energetic
178,Hopelessly Devoted to You,0.575,0.654,-3.036,0.031,0.0619,0.00322,0.0831,0.416,110.585,11,energetic
179,"Sit Still, Look Pretty",0.655,0.787,-3.031,0.264,0.122,3.11e-06,0.178,0.554,181.799,2,energetic
180,My Morena Girl,0.768,0.374,-11.811,0.0366,0.442,0.000653,0.114,0.617,125.039,1,energetic
181,La Da Dee,0.657,0.828,-5.544,0.0728,0.00847,0.0,0.326,0.566,115.954,5,energetic
182,2002,0.697,0.683,-2.881,0.117,0.0372,0.0,0.137,0.603,96.133,1,energetic
183,Eenie Meenie,0.72,0.607,-4.168,0.0322,0.0543,0.0,0.113,0.828,121.223,1,energetic
184,Love Me,0.729,0.868,-3.319,0.0609,0.00939,0.0,0.283,0.632,124.957,3,energetic
185,Kiss You,0.637,0.93,-2.632,0.0511,0.0177,0.0,0.452,0.886,90.014,4,energetic
186,Live While We're Young,0.663,0.857,-2.16,0.0544,0.0542,0.0,0.144,0.931,126.039,2,energetic
187,Die Young,0.711,0.7,-4.805,0.046,0.00498,0.000125,0.215,0.801,128.001,1,energetic
188,Shout Out to My Ex,0.773,0.747,-4.061,0.0885,0.0242,8.99e-06,0.109,0.801,126.014,5,energetic
189,Shake It Off,0.647,0.8,-5.384,0.165,0.0647,0.0,0.334,0.942,160.078,7,energetic
190,TiK ToK,0.755,0.837,-2.718,0.142,0.0991,0.0,0.289,0.714,120.028,2,energetic
191,Girl on Fire,0.482,0.706,-5.762,0.0607,0.135,0.00106,0.105,0.144,92.513,9,energetic
192,Part Of Me,0.667,0.922,-4.645,0.0353,0.000354,0.0,0.0867,0.761,130.01,5,energetic
193,"Hey, Soul Sister",0.673,0.886,-4.44,0.0431,0.185,0.0,0.0826,0.795,97.012,1,energetic
194,Better When I'm Dancing,0.751,0.743,-8.125,0.0364,0.663,0.101,0.125,0.899,128.006,2,energetic
195,History,0.655,0.699,-4.421,0.0493,0.0352,0.0,0.064,0.802,86.704,11,energetic
196,Stitches,0.746,0.754,-6.684,0.0676,0.0152,0.0,0.0486,0.746,149.882,1,energetic
197,Baliw,0.65,0.601,-9.131,0.0265,0.135,0.000778,0.294,0.63,108.016,8,energetic
198,Dirty Mind,0.642,0.861,-3.837,0.294,0.0318,0.0,0.23,0.582,92.912,4,energetic
199,Play Date,0.68,0.729,-5.077,0.0475,0.612,0.0,0.224,0.446,123.97,5,energetic
200,Happier,0.687,0.792,-2.749,0.0452,0.191,0.0,0.167,0.671,100.015,5,happy
201,Heat Waves,0.761,0.525,-6.9,0.0944,0.44,6.7e-06,0.0921,0.531,80.87,11,happy
202,I Ain't Worried,0.704,0.797,-5.927,0.0475,0.0826,0.000745,0.0546,0.825,139.994,0,happy
203,Sunshine,0.697,0.875,-4.621,0.034,0.137,0.0,0.28,0.774,140.069,5,happy
204,Bad Habits,0.807,0.893,-3.745,0.0347,0.0451,2.79e-05,0.366,0.537,126.011,11,happy
205,Ain't My Fault,0.576,0.782,-4.825,0.0296,0.00778,0.0,0.285,0.355,141.153,6,happy
206,Havana (feat. Young Thug),0.765,0.523,-4.333,0.03,0.184,3.56e-05,0.132,0.394,104.988,2,happy
207,New Rules,0.762,0.7,-6.021,0.0694,0.00261,1.56e-05,0.153,0.608,116.073,9,happy
208,Don't Let Me Down,0.532,0.869,-5.094,0.172,0.157,0.00508,0.136,0.422,159.803,11,happy
209,Titanium (feat. Sia),0.604,0.788,-3.673,0.103,0.0678,0.153,0.127,0.301,126.06,0,happy
210,Cheap Thrills,0.628,0.698,-5.608,0.105,0.0472,0.00143,0.0907,0.732,89.976,6,happy
211,Lean On (feat. MØ & DJ Snake),0.723,0.809,-3.081,0.0625,0.00346,0.00123,0.565,0.274,98.007,7,happy
212,No Ordinary Girl - Theme,0.452,0.894,-3.828,0.0485,0.00179,0.0,0.115,0.552,156.067,5,happy
213,"CAN'T STOP THE FEELING! (from DreamWorks Animation's ""TROLLS"")",0.669,0.832,-5.721,0.0682,0.0106,0.0,0.0968,0.7,113.035,0,happy
214,Ghost,0.601,0.741,-5.569,0.0478,0.185,2.91e-05,0.415,0.441,153.96,2,happy
215,Golden,0.448,0.838,-5.257,0.0557,0.21,0.000131,0.131,0.254,139.863,4,happy
216,Break My Heart,0.73,0.729,-3.434,0.0884,0.167,1.39e-06,0.349,0.467,113.011,4,happy
217,Sweet but Psycho,0.72,0.706,-4.719,0.0473,0.0684,0.0,0.166,0.62,133.002,1,happy
218,Sunflower - Spider-Man: Into the Spider-Verse,0.76,0.479,-5.574,0.0466,0.556,0.0,0.0703,0.913,89.911,2,happy
219,Unstoppable,0.485,0.843,-3.993,0.0467,0.00129,1.01e-05,0.14,0.602,78.001,1,happy
220,Demons,0.505,0.71,-3.015,0.0321,0.19,0.00025,0.329,0.428,89.938,3,happy
221,Thunder,0.605,0.822,-4.833,0.0438,0.00671,0.134,0.147,0.288,167.997,0,happy
222,Believer,0.776,0.78,-4.374,0.128,0.0622,0.0,0.081,0.666,124.949,10,happy
223,Radioactive,0.448,0.784,-3.686,0.0627,0.106,0.000108,0.668,0.236,136.245,9,happy
224,Rain On Me (with Ariana Grande),0.672,0.855,-3.764,0.0397,0.021,0.0,0.323,0.646,123.056,9,happy
225,Stressed Out,0.734,0.637,-5.677,0.141,0.0462,2.29e-05,0.0602,0.648,169.977,4,happy
226,Counting Stars,0.664,0.705,-4.972,0.0382,0.0654,0.0,0.115,0.477,122.017,1,happy
227,On & On,0.451,0.692,-4.741,0.0398,0.287,0.0,0.115,0.423,174.122,11,happy
228,Old Church Choir,0.675,0.814,-5.816,0.0347,0.125,0.0,0.163,0.607,103.989,0,happy
229,Raise a Hallelujah (Studio Version),0.42,0.823,-4.889,0.0434,0.00985,0.0,0.103,0.517,163.997,1,happy
230,My Lighthouse,0.545,0.805,-5.792,0.0491,0.0326,0.0,0.781,0.727,110.005,0,happy
231,Survivor,0.528,0.805,-5.286,0.0359,0.0183,0.0,0.0839,0.148,107.01,11,happy
232,Who You Say I Am - Studio Version,0.376,0.65,-8.147,0.0406,0.00406,0.0,0.089,0.321,171.907,6,happy
233,Call Me Maybe,0.783,0.58,-6.548,0.0408,0.0114,2.28e-06,0.108,0.66,120.021,7,happy
234,Pompeii,0.679,0.715,-6.383,0.0407,0.0755,0.0,0.271,0.571,127.435,9,happy
235,Shut Up and Dance,0.578,0.866,-3.804,0.0619,0.00701,0.0,0.257,0.619,128.038,1,happy
236,"Hey, Soul Sister",0.673,0.886,-4.44,0.0431,0.185,0.0,0.0826,0.795,97.012,1,happy
237,Chandelier,0.399,0.787,-2.88,0.0499,0.0197,6.07e-05,0.0685,0.572,117.089,1,happy
238,Diamonds,0.564,0.71,-4.92,0.0461,0.00125,0.0,0.109,0.393,91.972,11,happy
239,Lips Are Movin,0.775,0.825,-5.402,0.0464,0.0506,1.03e-06,0.111,0.95,139.091,7,happy
240,Fight Song,0.564,0.714,-4.987,0.129,0.0549,0.0,0.155,0.33,175.924,7,happy
241,Shotgun,0.673,0.735,-4.733,0.0457,0.286,0.0,0.242,0.754,115.744,5,happy
242,Kings & Queens,0.637,0.69,-4.057,0.0405,0.00786,0.0,0.124,0.457,129.857,1,happy
243,Butter,0.759,0.459,-5.187,0.0948,0.00323,0.0,0.0906,0.695,109.997,8,happy
244,Dynamite,0.746,0.765,-4.41,0.0993,0.0112,0.0,0.0936,0.737,114.044,6,happy
245,Blinding Lights,0.513,0.796,-4.075,0.0629,0.00147,0.000209,0.0938,0.345,171.017,1,happy
246,Levitating (feat. DaBaby),0.702,0.825,-3.787,0.0601,0.00883,0.0,0.0674,0.915,102.977,6,happy
247,Memories,0.764,0.32,-7.209,0.0546,0.837,0.0,0.0822,0.575,91.019,11,happy
248,Dance Monkey,0.824,0.592,-6.4,0.0969,0.693,0.000158,0.178,0.54,98.074,6,happy
249,Only Human,0.795,0.496,-5.883,0.0722,0.108,0.0,0.0645,0.874,94.01,0,happy
250,Party In The U.S.A.,0.652,0.698,-4.667,0.042,0.00112,0.000115,0.0886,0.47,96.021,10,happy
251,Midnight Sky,0.699,0.805,-5.535,0.0345,0.00161,0.00177,0.249,0.232,109.976,4,happy
252,High Hopes,0.579,0.904,-2.729,0.0618,0.193,0.0,0.064,0.681,82.014,5,happy
253,Cake By The Ocean,0.77,0.75,-5.44,0.0533,0.166,0.0,0.0434,0.886,119.006,4,happy
254,Leave The Door Open,0.586,0.616,-7.964,0.0324,0.182,0.0,0.0927,0.719,148.088,5,happy
255,My Head & My Heart,0.614,0.934,-3.709,0.07,0.0697,0.0,0.121,0.436,116.001,9,happy
256,Wrecking Ball,0.53,0.422,-6.262,0.0342,0.407,0.0,0.107,0.349,119.964,5,happy
257,Complicated,0.585,0.776,-5.898,0.0459,0.0572,7.74e-06,0.3,0.427,77.987,5,happy
258,Memories,0.775,0.327,-7.241,0.0557,0.841,0.0,0.0821,0.595,91.05,11,happy
259,Payphone,0.699,0.801,-4.526,0.0342,0.0114,0.0,0.327,0.618,110.014,11,happy
260,Something Just Like This,0.617,0.635,-6.769,0.0317,0.0498,1.44e-05,0.164,0.446,103.019,11,happy
261,Someone You Loved,0.501,0.405,-5.679,0.0319,0.751,0.0,0.105,0.446,109.891,1,happy
262,Bad Day,0.599,0.785,-4.013,0.0309,0.448,0.00336,0.151,0.52,140.046,3,happy
263,Bad Dream,0.731,0.746,-3.43,0.0311,0.00104,5.73e-06,0.117,0.555,125.016,8,happy
264,"10,000 Hours (with Justin Bieber)",0.654,0.63,-4.644,0.0259,0.153,0.0,0.111,0.43,89.991,10,happy
265,Señorita,0.759,0.54,-6.039,0.0287,0.037,0.0,0.0945,0.75,116.947,9,happy
266,"Lose Yourself - From ""8 Mile"" Soundtrack",0.703,0.746,-4.718,0.257,0.00535,1.8e-05,0.357,0.0655,171.387,2,happy
267,Roar,0.554,0.772,-4.821,0.0418,0.00487,6.6e-06,0.354,0.455,179.984,7,happy
268,Firework,0.638,0.832,-5.039,0.049,0.141,0.0,0.113,0.648,124.071,8,happy
269,"Happy - From ""Despicable Me 2""",0.647,0.822,-4.662,0.183,0.219,0.0,0.0908,0.962,160.019,5,happy
270,Happy Dog,0.701,0.979,-5.907,0.551,0.922,0.016,0.139,0.733,83.564,2,happy
271,Gettin' Jiggy Wit It,0.881,0.874,-4.505,0.139,0.0175,1.14e-06,0.154,0.858,107.891,6,happy
272,Jump Around,0.854,0.71,-6.32,0.0795,0.0113,9.06e-05,0.166,0.818,106.893,4,happy
273,U Can't Touch This,0.867,0.517,-13.222,0.0875,0.00456,0.000339,0.0864,0.866,133.148,11,happy
274,Y.M.C.A.,0.75,0.785,-10.926,0.0591,0.0278,0.0,0.0601,0.752,126.361,6,happy
275,Who Let The Dogs Out,0.869,0.887,-4.505,0.0993,0.0605,0.0,0.148,0.784,129.221,0,happy
276,Cotton Eye Joe,0.738,0.937,-7.788,0.0668,0.0124,0.00206,0.0338,0.614,131.994,9,happy
277,The Fresh Prince of Bel-Air,0.824,0.684,-7.354,0.0935,0.00278,1.45e-06,0.0481,0.87,101.152,10,happy
278,It's Tricky,0.965,0.857,-8.458,0.17,0.00131,0.0,0.0726,0.951,127.656,11,happy
279,Jiggle Jiggle,0.864,0.412,-5.886,0.273,0.458,0.00087,0.124,0.654,99.992,1,happy
280,Animals,0.279,0.742,-6.46,0.0898,0.000185,0.0,0.593,0.328,189.868,4,happy
281,Astronaut In The Ocean,0.803,0.535,-10.844,0.11,0.173,0.0,0.273,0.367,150.026,2,happy
282,Shower,0.699,0.529,-7.548,0.0487,0.0317,3.59e-05,0.285,0.121,119.987,2,happy
283,Say So,0.804,0.672,-4.614,0.122,0.256,1.02e-05,0.0906,0.778,111.023,11,happy
284,HandClap,0.636,0.836,-3.004,0.0427,0.00609,0.000157,0.0828,0.715,139.956,8,happy
285,Talking to the Moon,0.498,0.59,-4.721,0.032,0.511,0.0,0.107,0.0784,145.867,1,happy
286,'Till I Collapse,0.559,0.84,-3.264,0.236,0.0706,0.0,0.0967,0.113,171.311,1,happy
287,Panini,0.703,0.594,-6.146,0.0752,0.342,0.0,0.123,0.475,153.848,5,happy
288,abc (nicer),0.694,0.545,-6.06,0.0446,0.252,0.0,0.38,0.418,121.858,4,happy
289,Running Up That Hill (A Deal With God) - 2018 Remaster,0.625,0.533,-11.903,0.0596,0.659,0.00266,0.0546,0.139,108.296,10,happy
290,HOLIDAY,0.817,0.506,-6.996,0.166,0.122,0.0,0.0846,0.807,151.975,5,happy
291,Lemonade,0.803,0.612,-6.27,0.0653,0.196,0.0,0.111,0.48,140.119,1,happy
292,For The Night (feat. Lil Baby & DaBaby),0.817,0.585,-6.782,0.1,0.103,0.0,0.184,0.422,125.952,6,happy
293,Element,0.708,0.865,-4.253,0.414,0.0287,8.11e-06,0.24,0.301,184.063,9,happy
294,Kiss Me Slowly,0.47,0.801,-6.426,0.0352,0.0758,3.53e-05,0.218,0.431,173.92,9,happy
295,Lucid Dreams,0.543,0.575,-7.155,0.211,0.352,0.0,0.28,0.234,83.941,6,happy
296,Legends,0.581,0.825,-4.659,0.0694,0.119,0.0,0.149,0.353,142.012,8,happy
297,Old Town Road,0.907,0.53,-6.112,0.127,0.0578,2.23e-06,0.101,0.507,135.998,1,happy
298,Closer,0.748,0.524,-5.599,0.0338,0.414,0.0,0.111,0.661,95.01,8,happy
299,Darkside,0.43,0.606,-5.115,0.0431,0.131,0.0,0.173,0.123,169.988,4,happy
300,"What Was I Made For? [From The Motion Picture ""Barbie""]",0.444,0.0911,-17.665,0.0307,0.959,1.05e-06,0.098,0.142,78.403,0,sad
301,7 Years,0.765,0.472,-5.837,0.052,0.291,0.0,0.389,0.352,119.946,10,sad
302,Another Love,0.445,0.537,-8.532,0.04,0.695,1.65e-05,0.0944,0.131,122.769,4,sad
303,Easy On Me,0.604,0.366,-7.519,0.0282,0.578,0.0,0.133,0.13,141.981,5,sad
304,Daylight,0.508,0.43,-9.475,0.0335,0.83,0.000441,0.093,0.324,130.09,2,sad
305,vampire,0.511,0.532,-5.745,0.056,0.169,0.0,0.311,0.322,137.827,5,sad
306,lovely (with Khalid),0.351,0.296,-10.109,0.0333,0.934,0.0,0.095,0.12,115.284,4,sad
307,Never Felt So Alone,0.436,0.409,-4.438,0.0533,0.499,0.000166,0.38,0.363,98.357,5,sad
308,SNAP,0.563,0.639,-8.205,0.0684,0.107,1.06e-05,0.446,0.518,169.985,0,sad
309,ceilings,0.516,0.322,-11.762,0.0292,0.473,0.00194,0.215,0.261,148.005,9,sad
310,hotline (edit),0.516,0.254,-16.027,0.0589,0.816,0.855,0.189,0.304,56.829,9,sad
311,drivers license,0.585,0.436,-8.761,0.0601,0.721,1.31e-05,0.105,0.132,143.874,10,sad
312,See You Again (feat. Charlie Puth),0.689,0.481,-7.503,0.0815,0.369,1.03e-06,0.0649,0.283,80.025,10,sad
313,Glimpse of Us,0.44,0.317,-9.258,0.0531,0.891,4.78e-06,0.141,0.268,169.914,8,sad
314,I Fall Apart,0.556,0.538,-5.408,0.0382,0.0689,0.0,0.196,0.291,143.95,8,sad
315,changes,0.669,0.308,-10.068,0.029,0.883,0.0,0.0984,0.52,64.934,11,sad
316,Mockingbird,0.637,0.678,-3.798,0.266,0.209,0.0,0.156,0.254,84.039,0,sad
317,People,0.573,0.422,-7.621,0.0678,0.551,1.31e-05,0.102,0.693,124.357,10,sad
318,Until I Found You - Piano Version,0.603,0.148,-10.449,0.0279,0.927,0.0,0.101,0.228,95.451,7,sad
319,All of Me,0.422,0.264,-7.064,0.0322,0.922,0.0,0.132,0.331,119.93,8,sad
320,Stackin' by the Plenty,0.52,0.45,-10.626,0.0351,0.621,0.0,0.0814,0.131,118.093,2,sad
321,Someone You Loved,0.501,0.405,-5.679,0.0319,0.751,0.0,0.105,0.446,109.891,1,sad
322,But Today,0.518,0.32,-10.424,0.0266,0.385,0.00229,0.0841,0.173,107.826,4,sad
323,Where's My Love,0.608,0.358,-10.018,0.0253,0.854,0.0186,0.113,0.365,103.94,0,sad
324,Nobody Gets Me,0.358,0.284,-8.285,0.0285,0.805,0.0,0.183,0.276,99.796,7,sad
325,Wait,0.426,0.228,-10.552,0.0322,0.203,0.14,0.0832,0.0826,147.986,2,sad
326,Arcade,0.45,0.329,-12.603,0.0441,0.818,0.00109,0.135,0.266,71.884,9,sad
327,Ghost,0.604,0.741,-5.571,0.0475,0.178,3.49e-05,0.409,0.473,153.947,2,sad
328,Little Sweet Lover,0.666,0.645,-4.264,0.0273,0.204,0.0,0.168,0.405,105.93,0,sad
329,Birds,0.649,0.517,-7.428,0.0297,0.0146,1.63e-06,0.145,0.35,119.997,1,sad
330,Let Me Down Slowly,0.652,0.557,-5.714,0.0318,0.74,0.0,0.124,0.483,150.073,1,sad
331,Maybe,0.69,0.537,-7.338,0.0278,0.218,0.0,0.0732,0.88,75.016,9,sad
332,Here With Me,0.574,0.469,-8.209,0.0254,0.534,9.21e-05,0.128,0.288,132.023,4,sad
333,THE LONELIEST,0.525,0.599,-5.001,0.0281,0.00151,0.0,0.0762,0.226,129.841,2,sad
334,YOUR WINDOW,0.712,0.439,-15.013,0.0463,0.378,0.0,0.102,0.47,130.946,8,sad
335,everything i wanted,0.704,0.225,-14.454,0.0994,0.902,0.657,0.106,0.243,120.006,6,sad
336,Video Games,0.236,0.249,-9.595,0.0348,0.811,1e-06,0.087,0.181,72.847,6,sad
337,Je te laisserai des mots,0.303,0.187,-16.757,0.0356,0.989,0.489,0.101,0.213,132.731,2,sad
338,golden hour,0.515,0.593,-4.801,0.0322,0.653,0.162,0.25,0.153,94.467,4,sad
339,Irreplaceable,0.815,0.464,-9.989,0.0572,0.784,0.0,0.0894,0.603,114.001,8,sad
340,Experience,0.382,0.422,-10.699,0.037,0.934,0.95,0.0695,0.0368,92.378,2,sad
341,The Night We Met,0.544,0.369,-9.514,0.038,0.969,0.279,0.639,0.102,87.01,2,sad
342,Runaway,0.542,0.304,-9.08,0.0346,0.638,0.000118,0.106,0.12,114.827,11,sad
343,Bored,0.614,0.318,-12.695,0.0478,0.896,0.00239,0.0795,0.112,119.959,7,sad
344,Love You Still (abcdefu romantic version),0.712,0.0784,-19.067,0.0544,0.739,0.0,0.107,0.642,121.443,4,sad
345,Say You Won't Let Go,0.358,0.557,-7.398,0.059,0.695,0.0,0.0902,0.494,85.043,10,sad
346,Before You Go,0.459,0.575,-4.858,0.0573,0.604,0.0,0.0885,0.183,111.881,3,sad
347,Traffic,0.308,0.415,-6.874,0.0317,0.563,0.0,0.103,0.129,78.612,0,sad
348,WITHOUT YOU,0.662,0.413,-7.357,0.0299,0.213,0.0,0.134,0.467,93.005,0,sad
349,1-800-273-8255,0.62,0.574,-7.788,0.0479,0.569,0.0,0.19,0.357,100.023,5,sad
350,Sign of the Times,0.516,0.595,-4.63,0.0313,0.0275,0.0,0.109,0.222,119.972,5,sad
351,How Do I Say Goodbye,0.4,0.641,-6.303,0.0674,0.214,0.0,0.0656,0.393,81.552,8,sad
352,Skinny Love,0.379,0.29,-8.485,0.051,0.952,0.00106,0.118,0.169,166.467,4,sad
353,Mercy - Acoustic,0.458,0.347,-6.651,0.0381,0.712,0.0,0.11,0.431,78.928,11,sad
354,Sweater Weather,0.606,0.328,-7.824,0.0305,0.876,0.0,0.138,0.393,124.041,10,sad
355,"Read All About It, Pt. III",0.63,0.44,-7.186,0.0249,0.822,3.87e-06,0.0926,0.343,98.082,2,sad
356,Someone Like You,0.556,0.319,-8.251,0.0281,0.893,0.0,0.0996,0.294,135.187,9,sad
357,You Are The Reason,0.329,0.235,-7.699,0.0303,0.918,0.0,0.137,0.22,171.006,10,sad
358,Walked Through Hell,0.508,0.404,-11.092,0.0788,0.664,0.0,0.104,0.129,81.713,10,sad
359,Hold On,0.618,0.443,-9.681,0.0526,0.469,0.0,0.0829,0.167,119.949,2,sad
360,River Flows In You,0.32,0.242,-19.773,0.0498,0.987,0.949,0.0924,0.115,145.722,9,sad
361,Negative,0.736,0.53,-10.681,0.23,0.652,0.0195,0.216,0.298,120.02,1,sad
362,Can We Kiss Forever?,0.522,0.128,-18.717,0.0357,0.894,0.026,0.0941,0.124,109.986,4,sad
363,Night Trouble,0.411,0.364,-15.335,0.0743,0.951,0.93,0.126,0.0685,95.967,1,sad
364,Little Games,0.552,0.748,-8.866,0.0303,0.00374,2.05e-05,0.209,0.569,107.007,2,sad
365,Shallow,0.572,0.385,-6.362,0.0308,0.371,0.0,0.231,0.323,95.799,7,sad
366,NUMB,0.414,0.416,-8.024,0.0251,0.1,0.179,0.131,0.196,159.91,11,sad
367,Halo,0.508,0.72,-5.908,0.0628,0.272,0.0,0.0563,0.472,79.983,11,sad
368,Dandelions,0.609,0.692,-2.958,0.0259,0.0157,0.0,0.0864,0.454,116.959,1,sad
369,caught up,0.385,0.31,-12.866,0.0505,0.641,0.0,0.265,0.536,176.111,8,sad
370,Paradise,0.449,0.585,-6.761,0.0268,0.0509,8.75e-05,0.0833,0.212,139.631,5,sad
371,Space Bound,0.668,0.886,-3.474,0.117,0.0417,0.0,0.459,0.503,142.002,0,sad
372,HAPPY,0.732,0.855,-4.064,0.0415,0.306,0.0,0.12,0.221,106.004,7,sad
373,Walk Away,0.496,0.341,-8.623,0.028,0.667,8.2e-05,0.114,0.142,139.831,4,sad
374,Apologize,0.656,0.609,-6.025,0.0285,0.0357,0.0,0.0973,0.0872,118.036,8,sad
375,Unsteady,0.389,0.665,-6.169,0.0644,0.178,0.000732,0.116,0.199,117.055,0,sad
376,If the World Was Ending (feat. Julia Michaels),0.464,0.473,-10.086,0.129,0.866,0.0,0.109,0.604,75.801,1,sad
377,When I Was Your Man,0.612,0.28,-8.648,0.0434,0.932,0.0,0.088,0.387,72.795,0,sad
378,silhouette,0.625,0.241,-10.449,0.0338,0.811,0.0,0.102,0.14,117.065,11,sad
379,Falling,0.567,0.267,-6.502,0.0299,0.839,1.46e-06,0.089,0.0592,110.011,4,sad
380,Uncover,0.556,0.529,-4.464,0.025,0.4,0.0,0.268,0.308,89.887,2,sad
381,A Thousand Years,0.423,0.407,-7.45,0.0267,0.312,0.000961,0.11,0.161,139.048,10,sad
382,traitor,0.38,0.339,-7.885,0.0338,0.691,0.0,0.12,0.0849,100.607,3,sad
383,"Love Me Like You Do - From ""Fifty Shades Of Grey""",0.262,0.606,-6.646,0.0484,0.247,0.0,0.125,0.275,189.857,8,sad
384,Wrecking Ball,0.53,0.422,-6.262,0.0342,0.407,0.0,0.107,0.349,119.964,5,sad
385,All Of The Girls You Loved Before,0.718,0.467,-9.66,0.0398,0.707,6.92e-05,0.126,0.396,95.96,2,sad
386,Without Me,0.752,0.488,-7.05,0.0705,0.297,9.11e-06,0.0936,0.533,136.041,6,sad
387,Lucid Dreams,0.511,0.566,-7.23,0.2,0.349,0.0,0.34,0.218,83.903,6,sad
388,The One That Got Away - Acoustic,0.714,0.434,-11.542,0.0396,0.697,0.0,0.0919,0.352,123.942,4,sad
389,Let Me Love You - Andrew Watt Acoustic Remix,0.689,0.379,-6.256,0.0305,0.773,0.0,0.104,0.47,100.029,0,sad
390,Over the Rainbow,0.671,0.153,-13.569,0.0404,0.912,5.53e-05,0.0771,0.658,85.6,0,sad
391,"Hey, Soul Sister",0.673,0.886,-4.44,0.0431,0.185,0.0,0.0826,0.795,97.012,1,sad
392,Berlin,0.397,0.0666,-20.405,0.0383,0.963,0.158,0.107,0.0389,137.313,7,sad
393,All I Want,0.209,0.412,-9.733,0.0443,0.172,0.15,0.0843,0.162,86.26,0,sad
394,Jocelyn Flores,0.872,0.391,-9.144,0.242,0.469,4.13e-06,0.297,0.437,134.021,0,sad
395,Good News,0.794,0.32,-12.92,0.173,0.853,0.134,0.112,0.241,174.088,1,sad
396,Stay,0.621,0.31,-10.164,0.0283,0.945,6.12e-05,0.117,0.125,111.893,9,sad
397,Way down We Go,0.489,0.505,-8.022,0.117,0.579,0.000333,0.104,0.337,163.255,10,sad
398,Clocks,0.577,0.749,-7.215,0.0279,0.599,0.0115,0.183,0.255,130.97,5,sad
399,I'm Yours,0.703,0.444,-9.331,0.0417,0.559,0.0,0.0973,0.712,150.96,11,sad
